index,indicator,Albania,Algeria,Argentina,Armenia,Australia,Austria,Azerbaijan,Bahrain,Bangladesh,Belarus,Belgium,Benin,"Bolivia, Plurinational State of",Bosnia and Herzegovina,Botswana,Brazil,Brunei Darussalam,Bulgaria,Burkina Faso,Cambodia,Cameroon,Canada,Chile,China,Colombia,Costa Rica,Cote d'Ivoire,Croatia,Cyprus,Czech Republic,Denmark,Dominican Republic,Ecuador,Egypt,El Salvador,Estonia,Finland,France,Georgia,Germany,Ghana,Greece,Guatemala,Guinea,Honduras,Hong Kong (China),Hungary,Iceland,India,Indonesia,"Iran, Islamic Republic of",Ireland,Israel,Italy,Jamaica,Japan,Jordan,Kazakhstan,Kenya,"Korea, Republic of",Kuwait,Kyrgyzstan,Latvia,Lebanon,Lithuania,Luxembourg,Madagascar,Malawi,Malaysia,Mali,Malta,Mauritius,Mexico,"Moldova, Republic of",Mongolia,Montenegro,Morocco,Mozambique,Namibia,Nepal,Netherlands,New Zealand,Niger,Nigeria,Norway,Oman,Pakistan,Panama,Paraguay,Peru,Philippines,Poland,Portugal,Qatar,Romania,Russian Federation,Rwanda,Saudi Arabia,Senegal,Serbia,Singapore,Slovakia,Slovenia,South Africa,Spain,Sri Lanka,Sweden,Switzerland,Tajikistan,"Tanzania, United Republic of",TFYR Macedonia,Thailand,Togo,Trinidad and Tobago,Tunisia,Turkey,Uganda,Ukraine,United Arab Emirates,United Kingdom,United States of America,Uruguay,Viet Nam,Yemen,Zambia,Zimbabwe
0, Global Innovation Index,83,110,80,68,20,21,82,72,116,86,25,121,117,77,91,64,67,37,124,98,111,18,47,17,63,54,123,41,29,27,8,87,97,95,104,24,7,16,59,9,107,42,102,119,105,14,33,23,57,85,65,10,11,31,81,13,79,74,78,12,60,94,34,90,40,15,106,114,35,112,26,75,56,48,53,52,76,115,93,108,2,22,122,118,19,69,109,70,89,71,73,39,32,51,49,46,99,61,100,55,5,36,30,58,28,88,3,1,101,92,84,44,125,96,66,50,103,43,38,4,6,62,45,126,120,113
0.1, Innovation Efficiency Ratio,110,115,91,15,76,53,99,84,87,119,38,123,113,97,118,85,124,19,126,60,75,61,68,3,94,43,117,37,18,17,29,71,93,45,112,12,24,32,79,9,90,74,82,102,101,54,8,23,49,66,11,13,14,35,80,44,50,111,41,20,26,106,39,98,58,2,40,89,48,73,7,105,72,6,30,56,65,88,116,107,4,59,120,96,52,92,46,64,86,100,62,42,34,81,47,77,125,104,70,57,63,28,27,83,36,78,10,1,67,31,103,33,121,114,55,25,108,5,95,21,22,51,16,122,109,69
0.2, Innovation Input Sub-index,69,100,72,94,11,20,76,70,114,60,21,110,109,68,74,58,37,44,117,103,115,10,45,27,50,64,122,42,33,30,7,92,96,105,97,26,5,16,53,17,108,40,107,124,99,8,41,22,63,90,93,18,19,29,83,12,88,55,91,14,81,85,35,87,36,25,119,111,34,118,28,61,54,79,66,51,84,112,80,101,9,15,113,116,13,57,120,78,89,59,82,38,32,47,49,43,73,46,102,56,1,39,31,48,23,95,3,2,104,106,71,52,125,86,77,62,98,75,24,4,6,67,65,126,123,121
0.3, Innovation Output Sub-index,95,116,81,50,31,28,87,74,105,110,23,123,117,82,107,70,112,34,125,84,98,26,53,10,72,51,121,42,22,20,13,77,97,79,113,17,8,16,62,5,102,52,96,118,106,21,25,19,57,73,46,9,11,32,76,18,67,91,64,12,49,101,38,94,44,4,85,108,39,100,14,89,61,37,47,55,69,109,103,114,2,30,122,115,24,75,92,66,86,83,68,40,33,60,48,56,120,78,90,58,15,36,29,65,27,80,3,1,88,71,93,45,124,104,63,43,111,35,54,6,7,59,41,126,119,99
1,Institutions,55,102,88,67,12,18,71,99,123,81,20,76,125,72,51,82,30,45,87,111,112,5,37,70,61,57,86,44,25,27,6,83,118,120,85,22,2,21,39,16,114,54,115,103,116,10,40,15,80,97,110,17,34,32,41,8,68,52,84,26,89,98,31,104,38,24,106,100,43,108,33,59,63,79,56,46,75,122,66,109,7,4,92,119,3,64,121,58,101,69,93,36,23,47,48,74,60,94,73,50,1,35,19,53,28,105,9,11,117,90,49,65,95,62,77,96,91,107,29,14,13,42,78,126,113,124
1.1.,Political environment,59,107,54,83,14,16,88,67,116,84,24,86,95,91,39,81,20,53,106,92,113,5,32,60,82,45,108,43,33,25,9,71,85,117,79,29,8,30,51,13,78,58,101,112,103,11,44,15,80,72,87,18,40,46,48,7,70,65,105,37,77,114,35,115,26,6,119,100,42,123,27,28,74,99,55,57,75,118,49,111,10,3,109,125,4,47,124,50,97,76,93,41,19,36,66,94,63,64,90,61,1,34,23,56,31,73,12,2,120,98,68,69,110,52,96,102,104,122,22,17,21,38,62,126,89,121
1.1.1.,Political stability and absence of violence/terrorism,50,115,52,94,18,26,104,103,116,59,40,62,77,84,10,89,6,65,108,55,109,7,37,91,111,30,106,34,36,16,23,47,70,119,68,33,19,69,81,29,75,72,93,87,82,24,32,4,110,83,98,21,102,46,51,14,92,64,118,56,73,96,43,121,28,3,86,67,60,120,11,12,99,79,25,58,80,113,31,101,20,2,114,122,8,27,125,42,53,74,117,38,13,22,49,105,66,90,78,63,1,35,15,71,39,61,17,5,100,88,85,107,76,48,112,124,97,123,41,44,45,9,57,126,54,95
1.1.2.,Government effectiveness,72,96,59,77,15,16,78,51,110,94,23,99,100,92,44,81,29,52,97,111,114,10,32,48,69,49,109,45,34,31,3,88,91,107,89,27,7,20,43,12,83,56,104,120,112,5,46,19,65,70,84,22,21,42,47,9,62,74,90,30,82,118,33,95,28,13,125,113,38,119,36,35,61,105,76,64,75,117,60,116,8,6,103,123,4,57,106,58,115,79,73,40,24,39,80,87,63,54,93,67,1,37,25,53,26,86,11,2,121,98,66,50,122,55,85,68,101,102,18,14,17,41,71,126,108,124
1.2.,Regulatory environment,77,103,106,56,11,10,94,121,113,105,27,75,126,62,54,70,29,35,69,101,104,8,40,100,66,51,76,46,24,34,7,95,115,116,91,17,6,20,28,22,118,59,108,93,114,3,36,19,72,125,109,16,43,30,64,15,38,61,65,45,92,98,25,73,41,21,87,88,60,84,18,123,80,96,52,49,79,119,44,111,14,2,83,81,4,86,110,63,107,55,99,37,31,48,33,90,53,71,68,47,1,39,26,42,32,124,13,5,112,67,57,102,85,74,82,97,58,78,23,9,12,50,89,120,122,117
1.2.1.,Regulatory quality,61,123,101,57,6,18,88,44,114,120,21,105,119,81,48,83,46,41,95,100,112,12,20,87,53,52,94,55,29,33,16,72,121,118,66,14,8,28,32,9,85,64,82,116,104,2,45,23,91,78,124,11,22,39,63,19,70,75,90,26,73,93,27,92,25,13,109,115,38,106,24,30,56,77,74,58,86,110,79,111,4,3,108,117,15,43,107,54,89,49,71,35,37,40,47,96,65,68,80,69,1,36,42,59,31,76,7,5,122,98,51,62,113,67,102,60,84,97,34,10,17,50,99,125,103,126
1.2.2.,Rule of law,84,113,83,68,11,10,96,46,97,109,20,99,123,79,42,67,40,64,91,120,116,8,25,75,82,45,101,47,36,26,6,78,103,89,104,22,3,19,50,16,62,54,117,124,121,13,43,18,66,85,105,17,30,53,77,21,51,90,94,23,58,119,32,114,29,12,106,86,41,108,28,35,93,95,74,65,70,115,49,112,7,5,98,118,2,48,111,59,100,92,88,38,24,34,52,110,56,44,73,69,9,37,27,55,31,63,1,4,122,87,81,61,102,72,60,71,76,107,33,15,14,39,57,126,80,125
1.2.3.,Cost of redundancy dismissal,82,66,112,43,40,1,86,123,114,86,75,38,n/a,25,79,59,1,18,34,74,76,30,103,103,64,71,48,58,1,77,1,99,115,117,90,41,32,39,18,83,119,62,100,31,112,1,50,43,60,121,91,54,107,1,52,1,1,20,1,103,109,66,43,22,96,85,56,63,95,51,1,124,89,93,20,36,80,118,29,101,61,1,53,1,22,n/a,101,70,110,37,107,72,65,92,1,68,42,94,57,1,1,73,35,26,69,122,55,32,86,26,43,116,49,78,84,111,22,43,1,26,1,81,97,103,120,98
1.3.,Business environment,37,85,105,64,10,32,38,74,117,54,9,77,121,71,92,110,53,52,82,122,101,5,47,59,39,107,62,58,20,28,8,98,124,93,88,31,1,22,40,15,116,48,119,96,115,29,56,16,106,51,114,12,27,25,23,7,108,34,87,2,104,78,41,118,55,68,95,113,50,84,94,30,36,49,70,35,86,83,120,75,6,17,72,111,4,67,89,76,102,80,91,33,18,90,46,45,66,126,69,42,19,43,11,63,26,73,14,44,99,109,24,21,81,65,61,97,112,100,60,13,3,57,103,123,79,125
1.3.1.,Ease of starting a business,39,108,115,13,7,91,15,61,99,27,14,47,124,122,113,123,49,74,60,126,94,2,55,73,75,97,38,70,43,67,30,89,119,80,104,10,23,22,4,87,85,33,103,96,111,3,65,46,114,107,76,8,33,56,5,83,82,37,90,9,110,26,18,106,24,57,62,112,86,81,79,36,72,20,50,51,31,102,120,84,17,1,21,98,16,28,105,35,109,88,121,92,41,71,54,25,64,100,53,29,6,68,40,101,69,63,11,59,48,116,19,32,93,58,77,66,118,45,44,12,42,52,95,117,78,125
1.3.2.,Ease of resolving insolvency,38,65,90,86,17,21,44,81,119,62,10,93,88,37,72,73,56,46,92,67,106,10,48,52,31,108,70,56,19,23,7,104,123,100,76,41,2,26,53,4,124,53,120,97,113,40,58,12,91,35,125,16,27,22,32,1,115,36,85,5,96,103,49,116,64,78,109,111,43,84,102,33,29,60,83,34,110,68,105,69,8,30,98,114,6,87,75,94,89,76,55,20,14,101,47,50,71,126,82,45,25,39,9,51,18,79,15,42,117,95,28,24,74,66,59,112,99,118,63,13,3,61,107,122,80,121
2,Human capital and research,95,80,51,110,3,9,100,74,124,34,13,91,82,37,70,52,60,63,106,119,102,18,61,23,78,73,114,48,47,35,6,105,93,89,103,36,4,11,67,10,96,20,122,125,101,25,38,30,56,94,45,17,14,32,88,16,62,71,112,2,81,68,53,79,46,42,108,121,31,118,40,75,54,69,85,55,84,104,41,120,12,15,92,116,19,39,117,99,90,98,86,44,27,50,65,22,107,24,83,58,1,59,28,64,26,111,7,5,87,123,76,57,109,97,33,49,113,43,29,8,21,72,66,115,126,77
2.1.,Education,95,90,31,117,3,26,119,85,123,20,10,89,56,1,6,64,60,73,110,122,104,69,72,13,94,40,100,22,21,48,5,107,91,74,113,30,7,29,54,35,63,4,116,124,84,52,51,19,112,101,93,37,46,50,62,49,96,77,97,28,67,23,36,115,55,66,121,106,75,108,12,43,79,39,70,59,68,76,2,111,8,17,53,109,9,44,120,103,88,102,105,38,25,78,87,27,81,14,71,80,42,61,24,83,45,99,11,32,65,118,57,92,98,86,16,82,125,34,15,33,47,41,18,114,126,58
2.1.1.,Expenditure on education,95,72,25,107,43,34,102,108,110,54,15,70,8,n/a,1,23,68,77,74,115,105,38,58,n/a,67,12,60,65,20,79,6,73,52,87,96,33,10,32,86,56,18,n/a,104,112,27,98,64,3,82,91,97,59,28,76,35,90,81,101,39,49,n/a,22,40,111,66,80,114,62,61,84,9,48,36,13,44,n/a,41,16,2,88,31,17,21,n/a,5,19,106,99,55,83,109,57,47,89,100,85,92,46,11,78,103,63,37,24,73,93,4,50,42,94,n/a,75,51,n/a,14,69,113,26,n/a,30,53,71,29,45,116,7
2.1.2.,Government funding per secondary student,91,n/a,35,75,n/a,18,n/a,62,87,n/a,22,85,58,n/a,n/a,46,30,43,64,n/a,63,57,67,n/a,72,31,32,n/a,4,33,11,73,93,n/a,78,53,16,19,n/a,36,20,n/a,94,89,51,48,39,56,65,86,74,45,60,37,17,29,55,49,n/a,14,61,n/a,28,92,66,52,90,24,47,38,9,10,69,7,76,n/a,6,3,n/a,83,n/a,44,1,n/a,27,8,84,88,68,77,n/a,42,13,n/a,71,n/a,5,n/a,15,80,n/a,54,26,50,41,81,25,23,n/a,n/a,n/a,59,70,n/a,2,82,n/a,21,n/a,34,40,n/a,n/a,79,n/a,12
2.1.3.,School life expectancy,44,62,13,76,1,32,n/a,25,90,41,2,78,n/a,n/a,84,42,61,55,110,98,81,n/a,24,71,59,43,105,52,60,19,6,67,36,75,87,31,5,23,50,17,92,15,96,104,101,26,48,4,82,77,54,3,33,28,n/a,45,n/a,46,99,20,70,73,37,95,30,65,97,100,68,112,35,49,64,91,39,53,89,103,n/a,85,9,7,113,108,11,57,109,79,83,n/a,80,22,27,86,63,38,93,18,106,58,n/a,56,16,72,10,66,8,29,94,111,74,40,88,n/a,47,14,n/a,51,69,12,21,34,n/a,107,n/a,102
2.1.4.,"Assessment in reading, mathematics, and science",57,69,39,n/a,19,25,n/a,n/a,n/a,n/a,18,n/a,n/a,n/a,n/a,64,n/a,45,n/a,n/a,n/a,5,44,8,59,54,n/a,34,46,28,16,70,n/a,n/a,n/a,4,6,24,61,11,n/a,42,n/a,n/a,n/a,2,36,33,71,63,n/a,10,38,31,n/a,3,62,53,n/a,7,n/a,n/a,30,66,35,32,n/a,n/a,58,n/a,40,n/a,55,51,60,52,n/a,n/a,n/a,n/a,12,14,n/a,n/a,15,n/a,n/a,n/a,n/a,65,n/a,17,22,60,47,26,n/a,n/a,n/a,43,1,41,9,n/a,27,n/a,23,13,n/a,n/a,68,56,n/a,50,67,49,n/a,n/a,37,21,29,48,20,n/a,n/a,n/a
2.1.5.,"Pupil-teacher ratio, secondary",45,n/a,46,n/a,n/a,20,n/a,27,106,12,21,32,85,25,n/a,74,14,49,92,n/a,81,n/a,82,57,94,51,93,2,33,41,37,88,87,68,103,10,55,53,5,44,72,15,48,104,65,47,29,n/a,101,61,75,n/a,26,38,77,40,66,1,105,64,6,35,9,7,8,23,90,107,54,83,4,50,73,17,60,n/a,n/a,108,n/a,102,63,59,98,91,13,n/a,86,56,78,62,95,18,28,31,43,16,80,34,84,11,69,36,30,99,42,76,52,19,70,97,22,100,96,n/a,58,79,n/a,3,24,71,67,39,n/a,n/a,n/a,89
2.2.,Tertiary education,80,37,68,99,7,2,73,50,113,13,35,71,n/a,66,100,98,36,52,96,102,90,n/a,58,94,64,93,109,47,30,24,25,97,95,106,86,27,14,21,57,22,105,8,114,112,104,12,38,60,45,91,3,20,61,41,89,53,18,63,120,17,79,69,44,42,40,51,81,119,15,118,62,77,59,67,75,23,92,115,70,117,48,11,103,110,43,4,111,78,74,n/a,54,46,28,10,31,19,116,39,83,34,1,56,32,87,33,108,29,16,82,122,76,55,107,n/a,5,49,72,26,9,6,88,85,84,101,121,65
2.2.1.,Tertiary enrolment,40,65,9,51,1,11,83,59,93,7,20,96,n/a,n/a,86,52,79,23,110,97,92,n/a,6,55,42,47,106,26,41,33,15,48,62,74,81,21,8,31,50,29,94,2,87,100,88,22,56,19,84,82,24,10,34,37,85,35,71,53,114,4,76,60,25,69,30,90,112,118,64,111,54,68,70,66,32,45,77,109,105,99,17,14,117,102,16,63,104,58,73,n/a,72,28,36,95,57,13,108,27,101,39,n/a,49,18,89,5,91,38,43,78,116,67,61,98,n/a,75,3,113,12,n/a,44,n/a,46,80,103,115,107
2.2.2.,Graduates in science and engineering,70,7,85,90,69,9,33,74,89,5,71,53,n/a,62,n/a,79,8,63,57,78,50,n/a,59,n/a,36,86,n/a,29,76,40,56,83,75,91,46,22,14,30,49,n/a,87,11,92,n/a,80,n/a,43,77,6,54,3,31,n/a,38,n/a,n/a,23,39,n/a,12,n/a,65,55,37,35,84,28,n/a,4,n/a,68,n/a,19,45,66,n/a,67,88,n/a,n/a,82,61,n/a,n/a,52,1,n/a,73,n/a,n/a,17,42,18,13,16,15,n/a,41,n/a,26,n/a,51,27,64,34,n/a,25,32,47,n/a,60,20,n/a,n/a,2,58,n/a,21,48,24,72,81,44,n/a,n/a,10
2.2.3.,Tertiary level inbound mobility,75,89,n/a,51,9,10,70,12,105,55,13,25,n/a,31,67,100,60,44,63,n/a,80,n/a,96,97,101,n/a,74,93,8,18,14,71,85,73,94,37,28,20,40,29,54,48,n/a,81,86,17,23,30,102,103,92,26,64,39,n/a,58,11,68,n/a,77,n/a,34,33,22,50,1,72,79,21,83,24,45,98,56,82,n/a,76,95,19,106,15,1,36,n/a,53,62,n/a,n/a,n/a,n/a,104,59,38,1,42,52,87,41,27,47,5,35,65,49,66,91,32,7,84,n/a,57,88,n/a,n/a,69,78,16,61,1,6,43,n/a,99,46,n/a,90
2.3.,Research and development (R&D),104,117,45,95,14,18,79,77,87,59,16,117,102,89,85,28,75,51,101,109,117,15,48,17,56,63,117,54,73,37,8,117,71,53,106,41,9,13,74,7,88,35,114,117,116,31,34,24,32,60,58,19,3,23,117,5,69,55,72,1,84,107,57,47,43,33,115,113,30,94,44,99,40,83,100,80,64,93,90,91,12,22,117,103,20,82,65,111,105,70,68,46,29,66,62,27,117,25,76,52,10,49,26,38,21,92,6,2,108,86,78,39,97,110,61,36,98,50,42,11,4,67,81,117,96,112
2.3.1.,Researchers,81,n/a,45,n/a,17,12,n/a,70,n/a,n/a,15,n/a,80,68,79,52,n/a,36,90,98,n/a,16,66,47,83,64,n/a,41,50,25,2,n/a,69,57,88,27,7,21,44,13,95,32,102,n/a,101,26,31,6,74,86,59,9,1,39,n/a,11,63,56,73,4,84,n/a,43,n/a,29,19,100,89,35,97,40,78,72,61,n/a,55,48,91,82,n/a,14,22,n/a,94,8,75,71,93,77,n/a,76,37,23,62,51,28,104,n/a,65,38,5,33,24,67,30,85,3,10,n/a,103,54,53,96,n/a,42,46,99,49,34,18,20,60,58,n/a,92,87
2.3.2.,Gross expenditure on R&D (GERD),95,n/a,51,86,19,6,90,104,n/a,60,11,n/a,94,89,56,27,n/a,46,87,100,n/a,22,70,14,82,55,n/a,39,59,21,8,n/a,65,48,98,25,9,12,79,7,68,35,109,n/a,110,43,30,15,52,107,83,32,1,24,n/a,5,74,96,45,2,78,102,64,n/a,40,29,111,n/a,23,76,54,92,61,75,91,69,47,73,72,77,17,26,n/a,88,16,84,85,108,99,101,97,34,28,58,63,33,n/a,41,49,37,13,44,18,42,31,105,4,3,103,57,67,53,81,106,50,38,93,62,36,20,10,71,66,n/a,80,n/a
2.3.3.,"Global R&D companies, average expenditure top 3",40,40,40,40,20,26,40,40,40,40,21,40,40,40,40,22,40,40,40,40,40,17,40,6,40,40,40,40,40,40,16,40,40,40,40,40,12,8,40,2,40,36,40,40,40,40,29,32,18,40,40,10,19,13,40,4,40,40,40,5,40,40,40,40,40,25,40,40,38,40,37,40,35,40,40,40,40,40,40,40,9,30,40,40,24,40,40,40,40,40,40,40,39,40,40,33,40,23,40,40,15,40,28,34,14,40,11,3,40,40,40,31,40,40,40,27,40,40,40,7,1,40,40,40,40,40
2.3.4.,QS university ranking average score top 3 universities,78,78,29,78,6,28,64,57,71,54,16,78,78,78,78,27,61,70,78,78,78,7,31,5,34,55,78,67,78,42,15,78,65,46,78,52,18,12,78,11,77,47,78,78,78,4,51,78,21,37,45,18,26,23,78,8,56,36,75,9,68,78,60,39,49,78,78,78,25,78,78,78,32,78,78,78,74,78,78,78,10,17,78,78,24,66,50,78,78,53,48,44,35,61,59,22,78,30,78,73,13,69,63,33,20,72,14,3,78,78,78,38,78,78,78,41,76,43,40,2,1,58,78,78,78,78
3,Infrastructure,62,80,68,93,16,12,66,33,96,73,30,121,101,99,92,64,47,44,112,119,122,20,53,29,40,60,120,34,55,31,15,74,75,90,102,21,17,10,71,19,106,59,105,115,110,1,49,26,77,82,87,4,25,18,108,9,79,61,103,13,46,94,45,86,32,23,123,116,43,118,6,65,56,81,76,57,50,107,95,100,14,22,113,114,2,54,111,39,85,69,67,41,37,27,38,63,91,51,109,48,5,36,35,84,11,58,3,8,124,104,83,72,117,98,70,52,88,89,28,7,24,42,78,125,97,126
3.1.,Information and communication technologies (ICTs),74,113,47,82,4,13,49,25,96,59,34,123,88,84,102,46,71,50,116,118,119,11,40,45,51,55,114,31,48,63,16,89,77,91,92,17,12,7,70,18,93,52,87,125,106,9,60,26,83,99,97,28,20,24,98,5,79,43,95,2,58,90,54,68,27,21,120,117,42,124,22,57,41,56,78,39,53,115,107,101,3,6,126,108,19,61,110,94,86,80,75,35,38,36,66,37,104,44,105,32,8,64,29,81,14,85,15,30,122,100,62,72,112,73,67,65,103,69,23,1,10,33,76,121,109,111
3.1.1.,ICT access,88,81,58,65,24,15,63,21,111,31,20,118,95,74,84,69,39,59,114,100,113,27,60,75,73,66,102,35,32,50,14,99,83,78,89,19,41,11,68,6,98,34,94,121,101,3,33,2,105,87,61,21,18,42,79,9,71,38,103,7,51,93,40,57,52,1,123,124,56,109,5,53,80,37,91,54,70,119,97,104,10,16,125,109,24,43,108,72,96,84,86,36,28,30,55,45,116,47,106,48,12,46,28,76,26,92,13,7,n/a,120,62,76,115,49,82,67,122,64,23,4,17,44,89,117,112,107
3.1.2.,ICT use,72,88,47,72,14,23,56,21,113,36,27,123,88,69,82,52,39,40,117,97,116,25,59,63,74,42,98,37,19,35,1,76,79,91,99,14,13,16,70,17,86,48,106,121,104,10,50,5,110,94,87,20,24,38,78,11,49,52,107,4,66,96,33,41,34,8,124,120,43,115,28,71,68,64,81,60,84,100,90,109,9,12,125,111,3,50,114,92,93,77,83,58,45,30,55,46,111,54,107,57,22,32,44,80,26,103,6,2,n/a,122,61,62,119,65,74,67,105,95,29,7,18,31,85,118,102,101
3.1.3.,Government's online service,67,124,43,96,2,11,47,22,60,86,43,118,85,93,109,37,82,74,116,125,113,4,28,31,27,55,116,33,78,88,28,82,57,89,86,13,5,5,55,21,93,71,51,122,108,n/a,57,60,33,102,104,39,18,17,103,15,90,31,75,5,53,96,62,80,22,40,112,113,40,121,26,45,19,67,80,47,36,115,109,99,9,5,123,98,25,67,106,104,64,57,51,45,33,49,90,37,90,49,100,24,3,95,19,75,11,53,15,64,120,72,62,77,107,79,40,64,84,70,13,1,9,28,72,118,101,111
3.1.4.,Online e-participation,54,121,59,82,2,14,47,32,82,74,54,117,70,87,107,37,101,43,111,124,117,8,32,22,27,54,119,25,82,74,22,89,70,97,74,22,8,12,74,27,94,63,59,122,98,n/a,89,49,27,101,113,39,17,8,110,2,94,65,82,4,54,65,82,89,17,43,113,107,47,124,25,49,14,49,39,17,17,113,111,87,5,5,122,105,27,74,101,101,70,80,65,14,49,54,59,32,89,39,98,17,8,80,37,74,7,49,27,70,113,65,63,65,98,96,43,59,89,32,32,1,12,39,43,120,105,107
3.2.,General infrastructure,98,10,103,113,20,16,101,13,63,88,19,81,115,108,66,91,18,78,94,95,118,8,59,3,82,105,110,77,100,24,43,93,80,102,117,35,15,26,53,27,120,107,123,76,90,31,65,7,38,41,39,9,44,55,114,23,87,51,74,6,22,64,61,119,68,46,109,112,42,83,70,106,67,99,49,71,50,17,79,37,28,36,30,122,1,14,111,5,86,84,75,56,72,2,62,73,40,29,97,96,11,52,58,48,45,54,4,25,121,69,124,60,85,116,104,33,32,89,12,47,21,92,57,126,34,125
3.2.1.,Electricity output,76,82,57,70,13,26,71,3,108,53,30,117,99,51,91,64,14,31,n/a,110,109,5,49,50,89,74,107,66,37,23,39,80,85,78,94,16,10,19,63,24,106,46,101,n/a,92,40,60,1,93,95,55,33,22,45,87,20,72,34,112,11,6,75,59,61,88,90,n/a,n/a,42,n/a,62,73,69,83,79,43,96,100,103,115,32,15,118,114,1,29,105,67,18,86,98,48,36,4,58,27,n/a,12,111,38,17,44,21,47,35,102,7,28,77,116,65,68,119,25,81,56,n/a,54,8,41,9,52,84,113,97,104
3.2.2.,Logistics performance,110,75,65,120,19,7,107,43,86,112,6,109,119,96,56,54,69,72,80,73,124,14,45,26,93,88,94,50,58,25,17,90,74,48,82,37,15,16,117,1,87,46,105,116,106,9,30,38,34,62,95,18,27,21,111,12,66,77,41,24,52,122,42,81,28,2,123,71,31,103,55,100,53,92,102,114,85,84,78,115,4,36,98,89,22,47,67,39,99,68,70,32,35,29,59,97,61,51,118,76,5,40,49,20,23,83,3,11,126,60,101,44,91,113,104,33,57,79,13,8,10,64,63,121,108,125
3.2.3.,Gross capital formation,42,1,110,76,48,49,60,53,19,44,54,23,83,106,41,104,9,87,111,68,85,56,73,4,35,86,96,81,113,29,80,59,50,114,116,39,67,58,14,95,117,121,118,57,33,72,93,71,20,10,8,15,88,108,101,55,84,25,74,18,43,13,75,n/a,105,100,97,120,34,89,69,82,61,62,11,26,16,3,38,5,79,45,6,119,22,12,112,2,91,70,32,90,109,n/a,47,51,46,24,27,99,36,66,94,98,78,17,30,52,102,40,n/a,63,31,n/a,65,21,37,77,64,107,92,103,28,122,7,115
3.3.,Ecological sustainability,22,74,70,80,44,26,56,104,99,84,45,124,83,106,65,62,58,19,103,113,108,73,55,71,11,38,118,14,32,15,10,30,57,53,64,29,39,27,90,31,79,24,86,87,102,2,28,67,119,77,98,5,25,4,82,23,69,107,117,75,78,112,33,68,20,17,120,81,61,96,1,43,59,111,91,60,46,122,52,125,36,51,121,93,35,100,109,21,76,40,48,50,16,72,6,95,97,89,88,42,18,9,37,116,7,13,12,3,101,114,47,85,126,105,49,54,92,115,66,8,63,34,94,41,110,123
3.3.1.,GDP per unit of energy use,n/a,51,71,79,67,36,39,112,21,93,68,110,68,109,27,51,49,88,n/a,82,65,100,48,94,8,17,98,53,25,77,12,9,32,30,34,97,92,46,82,33,39,34,60,n/a,87,1,57,116,65,30,103,3,28,17,74,43,62,102,104,91,78,107,42,53,46,15,n/a,n/a,63,n/a,2,11,37,106,86,61,21,115,26,100,44,75,96,81,38,88,58,6,45,13,20,55,21,88,29,111,n/a,84,68,95,9,56,63,107,24,4,58,6,72,105,49,80,114,118,41,16,n/a,113,73,14,75,19,85,5,99,117
3.3.2.,Environmental performance,36,77,65,56,21,8,52,81,124,40,15,118,79,115,91,62,48,29,114,113,117,24,73,96,38,29,107,37,23,32,3,42,76,59,86,44,10,2,80,13,98,22,89,105,92,n/a,39,11,123,104,70,9,19,16,68,20,55,84,102,53,54,82,35,60,28,7,121,100,66,110,4,78,64,90,72,58,49,106,69,122,18,17,120,83,14,93,119,50,85,57,71,46,25,31,41,47,111,75,99,73,45,27,33,108,12,63,5,1,101,95,61,97,116,34,51,87,109,88,67,6,26,43,103,n/a,94,112
3.3.3.,ISO 14001 environmental certificates,29,116,50,106,27,37,91,52,114,89,48,125,80,22,90,65,69,4,123,93,111,75,38,15,24,57,104,9,47,7,26,115,59,71,67,5,17,43,96,44,110,23,105,117,77,54,10,28,68,81,86,36,31,6,84,20,72,100,92,41,85,124,18,95,12,56,101,99,39,119,1,82,78,74,118,45,83,76,66,108,32,53,113,122,49,63,97,98,88,64,58,33,21,61,1,107,120,112,62,8,40,3,14,51,11,73,13,16,121,103,25,34,109,79,42,70,94,60,35,19,102,30,46,126,87,55
4,Market sophistication,38,118,108,81,7,37,26,68,84,91,42,124,75,85,79,82,17,62,115,30,119,3,54,25,40,96,122,66,21,48,6,73,71,104,88,35,15,11,39,19,114,49,99,123,65,2,86,46,36,59,106,29,13,44,109,10,112,51,61,14,63,67,24,76,50,70,102,110,22,116,90,45,58,60,32,87,93,121,105,64,20,9,126,95,18,72,107,74,53,27,100,57,47,77,83,56,34,41,117,101,4,52,78,23,16,92,12,8,43,98,69,28,125,80,111,55,103,89,31,5,1,113,33,120,94,97
4.1.,Credit,87,125,117,59,5,39,69,61,85,114,68,107,24,77,72,104,20,86,111,7,102,8,62,48,31,64,120,100,4,40,6,110,38,112,56,29,26,37,43,27,93,33,80,124,55,2,90,32,70,98,58,44,36,51,79,11,113,108,22,16,54,28,19,92,46,91,115,63,41,121,73,25,66,89,10,52,101,122,97,60,35,3,123,81,18,74,118,53,30,17,119,76,34,71,88,78,14,65,105,96,13,45,83,50,23,116,21,9,49,57,67,42,103,99,94,95,82,84,47,12,1,106,15,126,75,109
4.1.1.,Ease of getting credit,38,125,70,38,6,70,101,88,121,79,88,111,106,49,70,88,2,38,111,18,61,11,79,61,2,11,111,70,61,38,38,88,88,79,18,38,49,79,11,38,49,79,18,111,11,26,26,61,26,49,79,38,49,88,18,70,121,70,26,49,106,26,11,101,38,124,106,6,18,111,111,49,6,38,18,11,88,121,61,79,88,1,111,6,70,106,88,26,101,18,111,26,88,106,18,26,6,79,111,49,26,49,88,61,61,101,70,61,101,49,11,38,111,49,88,70,49,26,79,26,2,61,26,126,2,88
4.1.2.,Domestic credit to private sector,88,107,119,70,12,36,104,43,79,105,50,109,51,64,97,53,80,66,103,46,116,17,20,7,74,56,108,55,1,67,6,100,99,92,77,44,30,28,54,40,112,24,91,124,60,2,90,32,68,84,48,71,49,35,96,4,42,93,95,11,26,110,47,25,82,27,121,123,18,106,33,29,87,98,57,69,52,89,65,38,23,13,120,115,9,41,114,31,63,86,78,62,21,39,101,61,111,58,94,81,15,59,75,10,22,76,16,5,113,118,72,8,85,83,37,45,117,73,34,14,3,102,19,125,122,n/a
4.1.3.,Microfinance institutions' gross loan portfolio,36,n/a,73,21,n/a,n/a,12,n/a,13,60,n/a,16,1,31,n/a,51,n/a,72,22,1,30,n/a,29,70,15,55,34,68,n/a,n/a,n/a,32,7,65,25,n/a,n/a,n/a,23,n/a,27,n/a,48,49,33,n/a,78,n/a,35,66,n/a,n/a,n/a,n/a,46,n/a,42,53,9,n/a,n/a,10,n/a,56,n/a,n/a,24,26,54,45,n/a,n/a,40,38,1,28,37,50,64,18,n/a,n/a,52,57,n/a,n/a,39,44,6,5,43,58,n/a,n/a,74,75,1,n/a,19,63,n/a,n/a,n/a,71,n/a,62,n/a,n/a,8,14,47,80,17,76,41,77,20,79,n/a,n/a,n/a,69,11,61,59,67
4.2.,Investment,5,101,100,75,39,64,3,55,56,51,47,108,120,62,65,87,13,38,69,37,121,1,66,84,61,124,103,32,88,98,14,30,104,116,117,27,15,9,21,68,123,97,126,69,50,7,93,28,35,83,125,34,6,99,60,63,119,18,91,43,82,59,33,57,54,48,30,105,22,69,74,52,102,10,44,25,90,111,92,19,29,36,69,95,42,79,80,78,58,94,118,86,89,107,110,96,24,49,113,67,2,85,76,16,46,45,12,17,10,112,23,41,69,19,106,77,122,115,40,8,4,114,109,53,81,26
4.2.1.,Ease of protecting minority investors,20,123,42,61,56,28,10,92,74,39,56,112,112,61,74,42,39,24,112,92,107,8,56,97,16,97,112,28,42,61,32,87,101,78,122,74,61,32,2,61,87,42,125,112,103,9,92,28,4,42,123,10,16,61,78,61,112,1,61,20,78,50,42,107,42,97,87,87,4,112,50,32,61,32,32,50,61,107,83,61,61,2,112,32,10,101,20,87,107,50,112,50,56,126,56,50,16,10,107,74,4,83,24,24,24,42,28,92,32,103,4,16,112,61,97,20,92,78,10,10,41,105,78,105,83,83
4.2.2.,Market capitalization,n/a,n/a,77,86,12,55,n/a,28,46,n/a,20,n/a,67,71,n/a,43,n/a,70,n/a,n/a,n/a,7,16,25,41,84,42,37,72,52,n/a,n/a,n/a,68,49,n/a,n/a,19,81,32,79,62,n/a,n/a,n/a,1,73,n/a,21,35,58,34,22,53,44,8,23,64,47,15,n/a,85,n/a,59,n/a,13,n/a,69,6,n/a,38,27,40,n/a,74,18,31,n/a,87,n/a,10,36,n/a,78,30,33,65,56,n/a,39,17,48,51,14,80,45,n/a,24,n/a,66,1,83,75,1,26,54,n/a,4,n/a,n/a,82,9,n/a,n/a,63,61,57,60,29,11,5,n/a,50,n/a,76,n/a
4.2.3.,Venture capital deals,n/a,n/a,63,n/a,16,29,n/a,n/a,n/a,67,17,31,n/a,n/a,40,61,n/a,n/a,n/a,n/a,52,1,50,22,59,42,n/a,n/a,36,46,9,n/a,68,57,n/a,12,7,1,n/a,19,48,77,45,n/a,n/a,23,n/a,21,39,69,n/a,15,1,47,n/a,66,44,n/a,33,54,64,n/a,18,6,56,11,n/a,27,58,n/a,24,34,75,n/a,n/a,n/a,49,38,n/a,n/a,10,25,n/a,73,32,n/a,80,n/a,n/a,70,60,41,35,n/a,74,71,30,72,43,n/a,14,n/a,37,53,28,n/a,8,13,n/a,65,n/a,76,n/a,n/a,20,78,55,79,26,5,1,51,62,n/a,n/a,n/a
4.3.,"Trade, competition, & market scale",87,83,64,93,10,26,76,73,77,55,21,124,96,84,75,32,85,58,121,115,119,7,41,2,50,60,110,65,80,27,37,63,72,48,69,68,51,5,79,4,105,42,49,122,90,14,54,99,16,8,100,34,39,11,120,3,71,47,94,29,53,107,67,59,57,66,112,116,28,113,89,81,20,106,103,123,52,101,92,118,15,44,125,70,31,56,74,78,88,33,30,18,38,43,36,13,117,22,114,102,17,46,62,35,12,61,24,19,109,91,111,23,126,108,98,9,82,45,25,6,1,95,40,97,86,104
4.3.1.,"Applied tariff rate, weighted mean",12,109,102,52,14,19,90,64,117,48,19,124,87,13,5,106,4,19,101,113,123,9,66,72,99,49,107,19,19,19,19,86,95,97,50,19,19,19,6,19,118,19,17,122,61,1,19,7,96,58,125,19,53,19,119,16,80,56,115,104,63,65,19,54,19,19,105,88,74,103,19,8,82,71,85,57,75,73,10,121,19,15,112,120,11,18,114,92,79,51,68,19,19,67,19,69,98,84,111,n/a,1,19,19,78,19,83,19,1,93,100,77,70,116,108,110,60,91,55,59,19,47,93,62,81,76,89
4.3.2.,Intensity of local competition,95,119,114,63,7,17,100,59,73,n/a,10,91,n/a,109,72,50,99,86,n/a,88,80,31,58,30,21,46,n/a,97,23,13,37,39,65,83,55,12,92,11,89,9,76,68,34,19,77,3,117,71,93,36,116,49,47,57,44,1,25,106,29,4,84,115,27,16,26,48,85,112,32,102,2,43,60,90,108,113,61,110,96,87,6,42,n/a,67,54,105,111,45,70,64,51,52,56,20,81,69,79,38,66,107,15,33,35,41,22,82,24,28,94,103,n/a,40,n/a,62,75,8,53,74,18,14,5,104,101,118,78,98
4.3.3.,Domestic market scale,105,34,27,113,19,43,65,86,32,63,35,117,81,95,101,8,108,68,106,91,82,17,42,1,30,80,75,73,110,46,55,64,59,21,92,98,58,10,102,5,71,54,69,115,94,41,56,124,3,7,18,48,50,12,116,4,77,39,66,14,52,119,93,79,76,90,100,120,25,99,123,112,11,122,103,126,53,104,114,83,26,61,121,22,45,60,24,74,89,44,28,23,51,49,40,6,118,15,96,72,38,62,85,29,16,57,36,37,111,67,109,20,125,97,70,13,78,47,31,9,2,84,33,87,88,107
5,Business sophistication,98,114,59,88,28,18,96,83,119,53,17,107,118,63,93,38,50,31,125,92,61,24,48,9,56,54,120,45,26,25,14,95,97,117,86,30,6,19,91,13,76,65,51,75,71,15,32,21,64,89,108,10,3,34,60,11,123,78,49,20,111,79,36,67,35,7,112,84,39,73,16,82,69,90,101,58,115,74,106,85,1,27,103,104,22,110,100,113,87,42,44,41,43,80,55,33,57,52,122,70,2,37,29,47,40,81,5,4,105,94,99,62,121,77,109,72,68,46,23,12,8,102,66,126,124,116
5.1.,Knowledge workers,99,114,50,65,10,16,83,92,116,24,6,113,74,56,70,43,25,40,106,115,45,28,49,1,42,59,81,33,46,32,7,80,61,101,73,30,5,14,98,11,108,48,90,110,69,35,54,15,97,121,94,22,19,38,78,20,126,53,89,21,105,60,47,77,31,9,125,111,63,124,36,87,68,67,52,58,104,123,100,109,17,27,102,72,8,85,103,95,82,26,44,39,37,112,57,23,84,64,122,66,4,51,18,62,34,93,2,3,96,120,55,79,86,75,88,71,118,41,29,12,13,76,91,119,117,107
5.1.1.,Employment in knowledge-intensive services,86,99,69,46,11,24,66,68,101,27,12,n/a,88,65,82,63,26,42,n/a,97,n/a,18,54,n/a,84,57,n/a,36,37,31,14,85,92,41,94,16,10,13,n/a,15,102,45,100,n/a,89,28,38,6,91,96,81,23,7,35,74,59,n/a,39,n/a,70,79,76,22,n/a,21,1,112,111,51,107,25,60,75,53,58,32,104,110,77,108,9,19,n/a,49,4,62,98,55,78,61,56,30,34,80,67,17,114,52,105,50,2,43,20,64,40,83,5,3,87,113,47,90,n/a,48,73,72,109,33,44,8,29,71,95,93,103,106
5.1.2.,Firms offering formal training,65,81,5,82,n/a,n/a,73,n/a,72,18,n/a,74,20,15,16,29,n/a,28,64,69,36,n/a,10,1,4,13,39,21,n/a,12,n/a,67,2,89,14,40,n/a,n/a,88,n/a,34,n/a,16,83,23,n/a,84,n/a,38,90,n/a,n/a,75,n/a,60,n/a,91,53,33,n/a,n/a,6,63,57,30,n/a,86,45,76,79,n/a,61,19,46,7,66,59,71,62,48,n/a,n/a,56,49,n/a,n/a,47,87,25,8,9,42,n/a,n/a,32,26,11,n/a,80,35,n/a,27,31,37,n/a,77,3,n/a,44,49,24,78,43,55,51,52,41,68,n/a,n/a,n/a,22,69,85,54,58
5.1.3.,GERD performed by business enterprise,n/a,n/a,57,n/a,20,6,81,77,n/a,44,11,n/a,n/a,65,63,n/a,n/a,34,n/a,79,n/a,24,56,12,58,52,n/a,41,54,21,9,n/a,53,73,70,28,10,14,n/a,7,89,38,91,n/a,n/a,42,22,16,49,76,66,23,1,26,n/a,3,n/a,69,67,2,n/a,80,61,n/a,47,31,n/a,n/a,27,n/a,40,n/a,55,68,83,60,51,86,75,n/a,17,32,n/a,n/a,19,72,n/a,88,90,n/a,71,35,33,64,50,29,n/a,n/a,85,45,15,39,13,43,30,74,5,4,n/a,n/a,62,37,n/a,87,59,36,82,46,25,18,8,78,48,n/a,84,n/a
5.1.4.,GERD financed by business enterprise,83,n/a,69,n/a,10,18,55,61,n/a,44,12,n/a,77,57,68,28,n/a,49,71,66,n/a,39,48,2,21,87,n/a,30,64,51,11,n/a,94,76,36,38,15,17,n/a,7,95,40,n/a,n/a,n/a,25,22,50,n/a,n/a,53,27,52,20,n/a,1,n/a,41,81,3,88,79,65,n/a,58,29,n/a,n/a,23,89,32,92,63,n/a,78,56,54,90,72,n/a,26,34,n/a,93,33,62,n/a,73,91,n/a,46,42,35,75,45,59,n/a,n/a,85,74,16,60,5,43,31,37,14,8,86,96,70,6,n/a,n/a,67,19,82,47,4,24,9,80,13,n/a,84,n/a
5.1.5.,Females employed with advanced degrees,66,82,48,42,16,34,52,n/a,95,2,13,100,76,73,67,55,59,25,104,98,n/a,31,72,n/a,47,58,99,37,9,57,20,43,68,81,86,7,6,19,36,51,89,32,91,n/a,84,39,41,14,93,77,n/a,11,4,56,n/a,22,n/a,30,n/a,38,n/a,61,10,n/a,5,23,88,97,53,106,50,75,71,44,28,n/a,n/a,101,74,90,27,26,107,n/a,8,n/a,94,35,65,33,54,24,40,83,60,1,102,80,92,45,15,49,21,62,18,69,12,29,85,105,46,63,103,n/a,n/a,70,87,3,n/a,17,n/a,64,78,96,n/a,79
5.2.,Innovation linkages,90,104,112,99,52,19,77,38,80,114,23,53,125,48,57,59,71,21,126,26,66,25,108,58,103,91,122,96,40,34,18,79,110,113,107,50,2,39,73,14,37,82,22,29,78,17,69,12,41,44,75,13,1,42,51,20,49,116,9,31,100,120,28,68,35,7,98,56,47,43,8,70,89,117,119,84,106,24,65,55,6,32,124,118,33,95,85,101,87,94,93,61,64,54,72,92,36,45,83,76,15,30,62,46,67,74,4,3,81,27,123,86,121,60,111,102,5,63,11,10,16,97,88,115,109,105
5.2.1.,University/industry research collaboration,66,111,78,85,32,18,33,44,115,n/a,9,100,n/a,101,79,67,83,71,n/a,91,82,23,55,27,51,48,n/a,107,69,40,20,103,95,106,109,39,4,34,105,7,62,114,68,14,94,15,65,21,25,29,89,13,3,42,57,22,61,72,31,26,99,117,93,46,36,17,73,108,11,75,37,88,47,110,113,87,96,84,80,104,5,16,n/a,118,19,49,60,76,112,98,56,86,35,12,92,41,54,45,53,90,8,74,43,28,64,52,10,1,30,58,n/a,38,n/a,102,97,63,50,70,24,6,2,77,59,119,81,116
5.2.2.,State of cluster development,103,97,93,86,49,17,34,24,62,n/a,18,106,n/a,83,92,40,71,66,n/a,47,96,23,87,26,73,44,n/a,115,76,50,22,60,101,53,110,68,16,20,112,3,39,109,70,48,74,6,81,42,30,25,69,19,31,7,65,10,29,111,36,27,46,116,89,58,85,13,104,113,12,75,33,32,37,118,117,99,57,102,82,91,4,43,n/a,88,14,67,52,45,100,95,59,61,38,8,107,79,41,21,84,90,9,54,72,28,35,51,15,11,108,55,n/a,63,n/a,77,105,56,78,98,2,5,1,94,64,114,80,119
5.2.3.,GERD financed by abroad,52,n/a,67,80,84,29,98,37,n/a,25,26,n/a,77,15,20,n/a,n/a,6,87,10,n/a,39,76,94,71,88,n/a,34,17,13,56,n/a,72,99,54,38,33,49,31,58,14,32,3,n/a,n/a,65,30,18,n/a,n/a,n/a,16,2,45,n/a,93,n/a,86,4,92,89,75,5,n/a,11,66,40,n/a,82,12,21,57,95,63,73,59,81,8,27,n/a,28,46,n/a,91,44,100,70,96,42,n/a,79,24,51,78,22,69,n/a,n/a,48,36,53,9,41,35,47,74,55,43,97,7,61,85,60,n/a,64,90,1,19,n/a,23,62,50,68,n/a,83,n/a
5.2.4.,Joint venture/strategic alliance deals,36,100,103,n/a,10,64,71,8,88,72,35,n/a,85,24,42,93,67,31,94,20,84,9,80,28,102,104,62,107,21,81,15,111,n/a,98,n/a,18,6,39,27,43,49,47,108,n/a,106,1,82,11,52,95,112,19,5,60,n/a,40,41,79,46,55,63,58,54,105,57,2,110,n/a,23,90,7,44,96,n/a,33,22,76,61,32,37,29,13,83,78,26,38,48,101,n/a,99,59,89,68,70,97,65,45,74,56,69,3,91,77,34,73,25,4,12,n/a,75,n/a,51,n/a,n/a,50,92,109,87,14,16,17,86,53,113,66,30
5.2.5.,Patent families filed in at least two offices,83,109,69,60,28,12,76,85,112,54,17,n/a,100,93,77,61,67,49,n/a,88,n/a,19,46,29,72,71,n/a,57,25,31,9,111,106,107,96,27,1,13,68,8,105,36,99,65,90,26,35,14,41,113,110,20,6,22,58,1,78,43,73,1,101,74,45,75,32,7,80,n/a,40,82,11,44,66,70,87,53,97,n/a,47,n/a,10,16,50,114,23,103,115,56,81,89,91,34,33,92,55,48,n/a,51,84,52,18,38,24,37,30,102,5,1,n/a,104,62,64,n/a,95,86,42,n/a,39,63,21,15,59,98,108,94,79
5.3.,Knowledge absorption,74,86,48,94,46,21,96,120,114,99,30,110,91,115,126,31,124,62,70,112,117,23,33,12,61,29,109,60,13,20,26,100,107,111,82,39,15,17,69,22,84,90,79,87,73,3,4,42,66,50,122,6,10,49,68,8,98,85,93,16,89,65,67,63,92,11,45,52,19,27,5,81,56,80,125,44,106,59,116,64,1,36,18,102,38,123,76,121,78,51,32,40,55,47,41,35,72,71,88,77,2,54,37,53,43,58,14,9,95,103,83,28,108,97,105,57,104,75,34,24,7,113,25,119,118,101
5.3.1.,Intellectual property payments,62,64,7,n/a,23,42,99,n/a,107,68,45,115,32,98,95,10,94,63,112,105,104,13,11,26,41,8,110,33,61,46,39,65,81,69,28,78,29,15,82,53,n/a,67,22,108,55,75,43,36,25,31,88,1,54,44,40,9,90,76,38,17,n/a,92,83,93,84,6,59,85,50,106,4,77,91,60,73,80,79,87,103,n/a,1,14,96,57,66,n/a,58,86,89,51,56,27,35,n/a,34,18,100,n/a,101,37,1,49,52,12,24,n/a,21,5,114,111,30,19,113,n/a,97,71,72,47,48,20,16,70,n/a,102,109,74
5.3.2.,High-tech imports,119,28,18,104,24,17,121,56,60,100,42,123,39,94,117,23,114,67,105,120,99,34,33,3,14,50,103,47,113,8,91,86,46,79,45,19,57,25,75,26,89,85,43,115,63,1,15,76,51,54,116,49,27,65,109,13,78,80,32,9,82,61,41,118,84,124,110,52,1,77,48,70,6,68,106,95,66,107,97,22,20,29,93,98,74,112,30,122,12,35,n/a,38,71,83,37,62,40,72,102,101,5,10,87,31,69,73,53,59,n/a,88,96,11,111,90,36,21,81,64,44,16,7,55,4,92,108,58
5.3.3.,ICT services imports,43,105,52,92,65,24,84,112,120,81,19,59,67,87,117,39,115,68,17,93,99,63,73,90,45,56,79,44,1,61,16,110,123,85,97,23,4,18,86,25,n/a,62,103,47,75,111,58,21,66,54,91,89,15,32,42,29,113,88,119,102,78,70,26,13,83,7,10,49,37,6,64,50,124,22,36,12,95,53,109,76,1,38,3,80,14,114,72,108,125,48,82,55,41,9,27,28,57,46,11,30,31,77,33,60,35,20,8,5,104,100,51,116,101,94,106,121,71,69,74,34,40,107,122,96,98,118
5.3.4.,"Foreign direct investment, net inflows",15,116,98,58,51,125,16,118,96,65,124,66,90,73,63,38,103,40,71,12,89,53,19,77,37,27,94,42,9,60,91,43,108,78,81,75,49,101,11,99,17,102,84,26,23,1,5,85,80,83,113,1,50,111,24,117,33,22,107,114,121,14,72,30,82,6,34,18,41,95,8,64,55,54,126,10,56,1,29,120,7,109,20,110,122,119,112,13,87,46,76,45,39,115,70,93,48,100,59,28,1,86,52,106,62,105,104,32,35,47,57,92,36,97,79,88,61,68,67,31,74,44,25,123,21,69
5.3.5.,Research talent in business enterprise,n/a,n/a,67,n/a,43,6,n/a,81,n/a,n/a,19,n/a,82,66,77,46,n/a,30,n/a,73,n/a,16,41,9,76,n/a,n/a,52,47,20,13,n/a,60,71,n/a,40,17,11,n/a,14,78,54,n/a,n/a,n/a,31,12,36,45,37,59,28,1,29,n/a,3,n/a,n/a,64,2,n/a,n/a,56,n/a,49,33,n/a,n/a,63,24,15,n/a,48,70,n/a,62,68,83,69,n/a,10,35,n/a,n/a,27,65,n/a,79,n/a,n/a,7,38,39,55,44,26,n/a,n/a,84,61,22,53,18,58,34,50,5,23,n/a,n/a,57,21,n/a,n/a,74,25,75,42,8,32,4,80,51,n/a,72,n/a
6,Knowledge and technology outputs,110,111,87,62,38,32,89,69,94,65,20,122,103,74,104,64,113,28,101,80,90,22,48,5,68,56,84,46,18,17,15,92,106,66,120,29,8,19,57,10,100,54,112,125,117,26,16,30,43,86,41,4,7,24,91,12,85,79,70,9,45,82,51,107,58,14,93,105,33,76,21,115,60,39,71,96,78,99,123,114,2,37,102,119,25,97,72,118,121,88,49,44,36,59,42,47,124,73,77,50,11,31,34,55,23,81,3,1,75,98,67,40,95,108,63,52,109,27,53,13,6,61,35,126,116,83
6.1.,Knowledge creation,116,91,65,38,26,19,108,123,89,48,14,84,106,77,110,52,100,33,92,112,80,17,60,4,78,87,118,47,32,21,12,124,95,73,126,34,8,24,46,5,114,51,125,121,122,49,44,18,55,115,35,37,10,27,94,11,59,61,63,3,86,67,58,56,53,13,104,72,75,96,25,105,74,16,22,57,79,103,88,83,7,20,109,111,23,99,62,98,117,85,64,39,40,97,70,28,113,69,81,45,30,42,29,54,31,90,2,1,36,101,71,50,102,119,43,41,82,15,93,9,6,66,76,120,107,68
6.1.1.,Patent applications by origin,77,100,62,23,44,13,60,107,106,31,18,101,104,56,121,52,73,50,89,120,78,40,68,1,72,109,98,46,51,35,8,110,92,71,114,48,7,15,38,1,108,41,122,119,94,81,37,27,55,85,14,36,28,21,74,1,90,43,66,1,n/a,29,45,58,57,11,102,105,59,88,22,113,80,25,33,63,70,82,n/a,103,10,20,87,118,24,n/a,96,76,83,99,84,26,34,115,42,16,111,75,79,47,32,54,12,64,39,61,9,5,112,123,53,65,69,116,49,30,97,19,117,17,6,86,67,95,93,91
6.1.2.,PCT international applications by origin ,50,98,n/a,52,22,12,72,103,n/a,56,15,85,n/a,58,92,51,74,43,n/a,n/a,104,27,39,18,49,61,96,41,21,35,9,67,95,89,99,28,1,14,47,11,100,40,105,86,93,n/a,33,17,54,107,76,26,7,25,n/a,1,n/a,79,80,1,n/a,81,34,n/a,42,1,75,82,57,n/a,8,n/a,62,36,91,64,55,90,68,n/a,10,23,78,106,16,101,n/a,65,n/a,87,97,44,30,66,84,46,83,48,63,53,20,45,24,37,29,70,1,1,n/a,102,73,60,n/a,69,71,32,77,38,59,19,13,n/a,88,n/a,94,31
6.1.3.,Utility model applications by origin,55,n/a,43,21,26,22,53,n/a,n/a,12,n/a,n/a,41,n/a,57,29,n/a,8,50,n/a,n/a,n/a,44,1,38,42,n/a,32,n/a,7,37,58,46,n/a,54,19,13,59,14,10,64,60,62,n/a,49,23,24,n/a,n/a,48,n/a,n/a,n/a,28,n/a,27,n/a,17,30,5,n/a,31,n/a,n/a,n/a,n/a,n/a,n/a,52,n/a,n/a,n/a,40,1,1,n/a,n/a,45,n/a,n/a,n/a,n/a,n/a,n/a,n/a,n/a,n/a,61,n/a,33,18,25,39,n/a,56,9,51,n/a,n/a,36,n/a,15,47,n/a,20,n/a,n/a,n/a,6,n/a,n/a,11,n/a,63,n/a,16,n/a,1,n/a,n/a,n/a,34,35,65,n/a,n/a
6.1.4.,Scientific and technical publications,104,82,67,15,11,19,97,118,108,76,18,61,116,63,74,54,89,40,71,109,62,22,39,42,87,75,117,20,12,17,1,125,78,66,124,9,6,31,38,35,85,23,122,111,121,n/a,34,4,73,123,33,37,13,30,105,52,41,113,65,25,112,94,47,51,32,49,92,45,58,95,48,93,86,53,81,28,72,90,83,77,21,10,91,115,26,101,60,96,119,114,120,29,8,88,44,64,80,69,68,5,27,36,3,46,24,107,7,2,110,98,56,84,102,103,14,59,70,50,100,16,43,57,79,106,99,55
6.1.5.,Citable documents H index,120,80,36,67,10,17,107,114,61,70,13,109,90,110,97,23,118,50,94,98,85,5,37,14,46,64,92,45,65,31,15,116,79,48,121,47,19,4,75,3,82,29,105,121,119,25,32,39,21,56,41,28,16,7,100,6,77,108,51,18,81,121,78,60,58,73,102,83,43,101,93,114,34,96,105,125,65,102,104,85,8,27,112,62,20,88,53,59,111,55,54,26,30,88,51,22,113,40,85,69,24,44,42,33,12,75,11,9,126,73,94,38,124,99,72,35,71,49,62,1,1,67,57,116,91,84
6.2.,Knowledge impact,108,101,99,106,27,33,110,51,79,97,30,122,87,56,100,84,118,6,88,35,82,49,46,2,58,34,36,28,43,11,22,75,104,45,119,14,26,32,69,17,94,41,102,125,112,21,20,39,42,66,12,5,15,10,89,48,85,96,86,38,67,95,54,116,73,52,91,109,25,64,1,111,61,78,114,103,77,74,120,124,24,55,107,113,37,93,68,117,115,72,57,44,23,60,7,80,123,71,76,62,13,9,29,47,16,81,18,4,90,70,65,31,121,92,83,53,105,40,50,8,3,59,19,126,98,63
6.2.1.,Growth rate of GDP per person engaged,105,37,104,93,61,74,106,39,8,95,83,n/a,32,43,n/a,101,n/a,18,28,7,40,68,66,3,57,2,10,24,75,49,80,13,108,29,n/a,50,47,64,23,62,53,98,96,n/a,n/a,46,87,16,4,41,1,30,52,91,100,79,92,38,34,44,76,22,36,n/a,73,54,51,97,14,31,48,n/a,71,19,n/a,109,82,70,n/a,n/a,55,94,56,110,60,72,21,n/a,n/a,25,27,35,88,65,5,89,n/a,85,17,103,58,59,67,78,63,20,45,84,9,12,81,11,n/a,107,90,33,99,15,26,69,77,42,6,111,86,102
6.2.2.,New business density,62,82,89,55,7,80,70,n/a,101,69,34,n/a,83,67,3,98,44,11,95,n/a,n/a,104,15,n/a,45,49,n/a,27,5,31,13,61,n/a,n/a,86,2,32,52,17,64,73,77,83,98,n/a,1,37,10,100,91,n/a,21,36,41,63,95,80,47,75,43,n/a,65,20,n/a,38,8,103,102,46,n/a,4,14,83,54,23,22,59,n/a,74,72,24,9,106,78,18,48,104,75,97,35,91,58,26,56,25,29,51,88,90,53,16,28,40,12,39,87,19,30,94,n/a,33,71,93,n/a,57,66,79,60,42,6,n/a,50,n/a,n/a,68,n/a
6.2.3.,Total computer software spending,84,123,75,86,46,13,94,28,77,106,7,100,62,92,88,69,n/a,53,109,111,74,6,32,23,73,55,120,97,72,34,11,116,67,49,101,79,18,10,89,19,121,15,119,105,57,26,36,44,65,31,61,2,50,14,24,54,56,118,78,59,27,90,85,102,96,71,115,107,29,110,25,76,66,83,80,22,60,114,87,117,9,47,108,82,16,98,58,70,99,63,64,42,8,39,40,48,103,30,41,104,35,33,91,37,5,38,12,3,95,124,81,51,93,n/a,43,20,122,17,52,4,1,68,45,112,113,21
6.2.4.,ISO 9001 quality certificates,36,111,44,108,30,34,100,54,115,110,47,93,77,13,116,50,80,1,96,114,113,70,28,22,19,72,87,8,35,6,38,102,49,85,68,12,29,41,69,21,117,11,90,121,66,61,14,52,67,83,94,46,4,1,106,33,62,104,64,56,97,124,20,57,24,74,82,103,25,122,1,37,78,55,118,39,60,89,92,109,26,53,120,123,59,76,86,88,58,75,63,27,15,84,10,101,119,98,105,7,31,5,9,51,17,79,43,16,125,107,32,42,91,81,45,73,99,71,48,23,95,18,40,126,112,65
6.2.5.,High-tech and medium high-tech output,92,89,n/a,95,39,16,75,81,77,42,21,n/a,78,68,n/a,30,96,51,n/a,n/a,99,37,57,12,55,45,n/a,43,59,7,18,n/a,70,52,n/a,56,31,25,84,5,n/a,69,n/a,n/a,n/a,76,6,64,34,35,32,3,23,24,n/a,9,54,80,74,8,62,94,82,n/a,58,61,n/a,79,14,n/a,n/a,93,10,71,88,86,38,n/a,90,87,36,66,97,n/a,49,60,n/a,91,67,73,27,33,46,17,22,48,n/a,29,63,44,1,4,19,40,26,85,13,2,98,83,28,15,n/a,n/a,65,41,n/a,50,n/a,20,11,72,47,100,n/a,53
6.3.,Knowledge diffusion,88,124,80,49,92,76,37,54,113,73,36,109,108,95,86,67,31,48,106,107,111,23,35,22,78,39,117,47,8,26,20,91,100,103,59,38,10,14,74,19,79,82,98,102,70,18,5,57,25,97,123,1,6,46,89,11,112,64,65,15,12,61,41,63,62,7,77,101,13,72,75,93,43,69,110,121,71,116,120,32,2,81,58,104,28,85,99,60,94,115,29,42,45,34,44,51,105,83,66,52,4,40,56,68,24,55,9,3,126,122,87,33,17,114,84,90,118,53,27,30,16,50,21,96,125,119
6.3.1.,Intellectual property receipts,64,93,34,n/a,31,26,106,n/a,95,59,20,105,35,43,99,32,n/a,45,81,72,91,21,49,66,52,97,103,44,83,33,14,n/a,n/a,36,22,62,1,10,89,16,n/a,48,54,92,88,55,12,8,53,78,84,7,19,24,57,1,38,96,29,15,n/a,73,75,58,60,13,27,n/a,65,94,9,82,69,42,71,80,87,101,107,n/a,1,23,104,n/a,30,n/a,77,86,n/a,67,90,40,47,n/a,61,41,85,n/a,63,39,17,70,37,51,25,n/a,1,1,74,98,50,79,102,n/a,56,n/a,76,46,18,11,1,100,n/a,28,n/a,68
6.3.2.,High-tech exports,94,123,55,79,51,18,114,104,92,52,19,116,105,65,88,35,58,39,98,66,99,32,68,1,57,33,77,31,84,6,27,67,75,112,47,17,36,10,90,12,110,48,56,109,82,113,9,60,44,43,81,15,13,29,119,14,69,34,78,1,103,54,23,101,28,71,106,97,1,91,38,120,7,83,72,95,59,96,85,117,16,62,111,121,42,76,70,41,80,86,n/a,25,46,124,26,50,93,74,87,53,1,21,30,49,40,89,22,11,n/a,102,64,8,122,118,37,63,107,45,108,20,24,61,1,115,73,100
6.3.3.,ICT services exports,36,107,52,18,83,32,102,27,79,23,37,77,92,68,115,87,104,28,73,105,71,70,91,78,93,10,94,42,4,53,44,86,108,65,51,29,5,49,90,48,n/a,56,63,41,30,100,60,34,1,97,116,1,1,59,46,99,124,111,19,95,14,35,24,43,82,22,62,80,76,13,88,45,125,17,106,40,25,110,121,6,9,74,11,112,61,113,47,75,118,109,8,50,58,84,16,72,54,117,12,21,69,81,55,96,33,20,7,26,98,101,39,114,85,119,64,122,89,15,57,31,66,38,120,67,103,123
6.3.4.,"Foreign direct investment, net outflows",69,110,81,77,99,123,11,62,112,95,94,84,108,89,32,55,18,49,85,74,105,13,12,41,45,56,107,48,1,43,20,96,88,103,67,54,38,28,25,23,91,71,113,116,46,1,1,122,73,76,114,1,22,53,68,21,100,35,87,33,10,44,50,37,47,1,60,117,17,83,123,72,58,80,75,119,65,79,98,n/a,1,101,61,78,15,52,111,34,66,93,40,42,24,19,70,29,104,51,90,57,1,26,59,39,14,97,30,1,n/a,115,86,31,9,118,102,63,109,92,16,120,36,27,64,106,121,82
7,Creative outputs,86,116,82,48,22,20,87,79,112,122,27,118,120,94,111,78,105,36,126,93,103,30,58,21,77,49,124,43,28,25,9,69,90,89,91,5,11,12,73,7,108,51,84,95,96,13,44,8,75,71,59,19,15,38,67,31,57,100,56,17,63,115,23,85,33,2,80,110,47,117,10,68,62,37,34,32,70,114,74,109,3,18,123,99,24,65,104,40,52,81,92,42,26,60,61,72,101,83,98,64,35,41,16,76,29,88,6,1,97,54,107,50,125,102,66,39,106,45,53,4,14,55,46,121,119,113
7.1.,Intangible assets,104,111,80,57,38,30,70,88,108,122,34,113,121,107,109,77,103,25,125,86,105,36,47,1,81,41,123,58,51,39,24,78,84,93,90,14,16,7,82,4,96,63,65,75,74,32,61,15,85,69,26,12,43,29,27,28,72,101,68,2,42,118,64,102,45,3,54,114,52,112,9,79,67,5,6,59,40,106,53,110,17,21,126,97,31,33,100,55,22,87,83,50,10,46,73,71,91,89,94,92,44,48,20,76,23,95,19,8,116,37,120,60,124,99,66,11,98,13,56,18,35,62,49,119,117,115
7.1.1.,Trademark application class count by origin,79,81,31,20,27,36,91,112,98,78,54,105,65,89,96,60,118,8,116,83,106,53,26,3,68,21,103,52,13,29,56,58,50,101,28,22,39,11,35,30,109,n/a,64,102,48,32,63,19,75,92,7,n/a,100,45,10,23,69,90,71,15,n/a,99,46,95,43,6,24,82,84,111,12,61,62,4,1,n/a,42,67,33,59,37,16,117,87,72,n/a,77,40,1,55,76,57,17,114,47,51,107,115,97,70,88,34,9,73,38,80,44,25,110,n/a,n/a,74,93,85,n/a,14,94,5,108,41,86,49,18,66,104,113
7.1.2.,Industrial designs by origin,88,58,64,70,47,18,110,93,49,66,44,99,85,38,95,67,111,13,112,107,83,82,105,1,96,104,46,21,29,31,15,98,91,57,97,27,24,17,39,6,36,32,56,60,92,41,33,42,76,71,12,68,34,5,20,26,80,106,81,1,n/a,75,30,n/a,51,19,28,n/a,74,94,10,87,79,4,14,77,8,73,n/a,108,35,52,115,72,55,n/a,89,114,43,101,63,n/a,11,n/a,50,78,102,103,84,53,62,48,22,59,9,69,25,16,116,n/a,45,40,100,54,65,1,n/a,7,109,23,61,113,37,90,86,n/a
7.1.3.,ICTs and business model creation,96,112,101,88,32,30,44,39,108,n/a,17,104,n/a,115,98,60,85,57,n/a,74,89,18,29,55,64,35,n/a,68,81,36,23,62,91,63,103,21,2,13,99,12,79,93,47,37,69,25,50,22,82,48,72,19,6,51,54,28,49,90,38,15,100,118,77,114,34,5,78,117,20,105,26,65,40,102,87,71,56,109,76,116,3,16,n/a,67,10,86,84,31,107,75,58,52,14,27,70,94,42,46,59,92,8,45,43,61,24,73,7,1,110,97,n/a,33,n/a,83,66,53,95,106,11,4,9,41,80,119,111,113
7.1.4.,ICTs and organizational model creation,112,113,81,58,24,26,33,49,104,n/a,17,109,n/a,106,99,74,86,56,n/a,46,96,13,52,43,55,31,n/a,61,95,29,14,72,71,59,103,5,6,19,100,8,79,97,44,39,69,22,48,10,50,34,80,21,12,73,70,27,63,94,45,28,93,116,53,108,25,15,64,118,18,98,32,68,54,83,102,87,76,115,78,114,4,20,n/a,85,2,92,90,37,111,91,62,65,30,23,82,47,67,41,60,77,11,35,36,51,42,88,3,9,105,84,n/a,40,n/a,89,101,75,107,57,16,7,1,38,66,119,110,117
7.2.,Creative goods and services,52,115,88,41,27,21,99,71,114,108,10,123,65,75,106,92,98,42,124,93,79,66,72,28,78,49,118,6,59,11,14,40,87,74,85,3,34,24,70,32,122,45,103,107,119,8,30,33,63,53,102,48,15,44,117,16,47,100,26,37,91,89,1,76,38,12,109,80,13,125,7,50,36,83,39,31,105,116,95,97,9,43,61,90,64,101,121,20,82,69,104,25,35,68,54,81,111,73,94,58,19,17,22,84,46,67,18,4,51,62,55,23,110,113,56,60,112,86,57,2,5,77,29,126,120,96
7.2.1.,Cultural and creative services exports,55,78,36,32,33,14,64,n/a,79,62,6,n/a,65,73,n/a,43,n/a,9,71,n/a,n/a,23,n/a,67,41,30,84,5,37,29,20,n/a,42,n/a,n/a,8,17,11,35,19,n/a,18,76,28,86,48,22,21,47,n/a,n/a,49,4,31,60,52,n/a,77,83,34,n/a,n/a,10,24,26,1,68,66,n/a,63,50,69,70,25,85,53,51,n/a,n/a,n/a,12,39,74,n/a,61,n/a,n/a,56,80,54,59,13,27,n/a,7,57,n/a,n/a,45,38,n/a,40,15,44,n/a,n/a,16,n/a,n/a,n/a,46,n/a,82,n/a,n/a,75,81,58,72,3,1,n/a,n/a,n/a,n/a,n/a
7.2.2.,National feature films produced,54,n/a,31,8,61,28,21,103,87,99,18,n/a,81,40,n/a,82,n/a,39,92,55,63,50,56,88,66,48,n/a,44,43,22,6,79,60,90,97,1,12,25,35,49,n/a,36,75,84,80,14,34,1,59,93,68,15,33,45,n/a,26,n/a,73,n/a,24,n/a,91,11,52,46,1,57,n/a,51,100,4,16,67,96,5,10,85,65,n/a,n/a,23,17,86,13,32,103,102,94,74,70,83,69,47,n/a,62,76,n/a,n/a,95,37,38,30,9,89,19,77,20,7,64,n/a,29,78,42,n/a,72,58,n/a,101,71,27,53,41,98,n/a,n/a,n/a
7.2.3.,Entertainment and media market,n/a,55,36,n/a,7,8,n/a,37,n/a,n/a,15,n/a,n/a,n/a,n/a,39,n/a,n/a,n/a,n/a,n/a,14,31,41,47,n/a,n/a,n/a,n/a,26,4,n/a,n/a,58,n/a,n/a,13,16,n/a,11,n/a,28,n/a,n/a,n/a,12,30,n/a,61,52,54,18,21,23,n/a,6,53,n/a,51,19,33,n/a,n/a,49,n/a,n/a,n/a,n/a,35,n/a,34,n/a,40,n/a,n/a,n/a,59,n/a,n/a,n/a,17,10,n/a,60,2,45,62,n/a,n/a,42,50,32,22,25,46,48,n/a,29,n/a,n/a,20,n/a,n/a,38,24,n/a,5,3,n/a,n/a,n/a,44,n/a,n/a,57,43,n/a,n/a,27,9,1,n/a,56,63,n/a,n/a
7.2.4.,"Printing, publications & other media output",8,91,n/a,22,10,42,84,n/a,92,n/a,35,n/a,52,43,n/a,78,83,49,n/a,n/a,38,88,24,74,33,13,n/a,5,11,58,66,n/a,61,87,n/a,17,51,54,27,60,n/a,36,n/a,n/a,n/a,1,69,n/a,76,82,93,81,56,50,n/a,18,25,75,1,90,89,67,6,n/a,47,64,n/a,44,65,n/a,1,31,86,55,16,4,77,n/a,n/a,85,46,19,7,n/a,94,73,n/a,9,34,15,79,45,39,37,57,71,n/a,40,68,28,70,80,20,n/a,41,23,32,48,29,21,12,72,n/a,n/a,n/a,62,n/a,63,26,14,30,53,59,n/a,n/a,n/a
7.2.5.,Creative goods exports,85,123,91,63,51,37,118,40,106,64,29,113,35,62,77,66,79,48,117,67,122,55,83,1,74,60,99,45,110,4,31,23,104,28,53,39,54,30,100,26,112,38,58,119,108,88,8,105,17,13,57,33,27,22,107,21,41,89,71,15,59,78,12,50,25,94,87,96,3,116,75,42,2,111,95,86,81,114,68,76,11,70,121,120,56,98,103,19,84,65,n/a,9,24,82,46,49,93,72,97,52,10,5,43,47,44,73,32,14,n/a,92,80,6,115,101,20,18,90,61,36,16,34,102,7,124,109,69
7.3.,Online creativity,63,106,60,35,15,18,70,72,101,53,29,112,99,58,105,57,75,41,125,100,109,17,62,84,64,69,116,47,8,26,6,91,95,102,96,13,12,24,52,10,114,48,92,126,103,14,31,2,67,79,80,22,11,33,98,45,51,74,108,37,68,87,27,50,25,5,120,119,61,86,21,65,81,46,78,20,88,123,77,93,1,16,115,113,9,89,71,30,97,83,85,34,36,73,49,44,122,82,111,40,32,39,23,59,28,90,3,4,107,121,42,66,117,76,94,56,118,43,55,7,19,38,54,104,124,110
7.3.1.,Generic top-level domains (gTLDs),45,107,64,66,10,19,96,53,112,82,27,104,81,74,92,86,47,25,123,98,117,7,75,69,67,37,108,32,8,30,16,70,76,90,72,40,21,18,84,14,101,35,60,124,103,9,39,1,97,87,80,11,26,24,78,31,51,113,93,43,44,116,41,48,33,4,121,115,52,119,3,34,71,77,100,89,85,126,42,109,6,20,95,106,15,79,105,5,83,55,91,46,29,58,56,61,120,65,94,88,23,63,28,62,22,99,17,13,125,118,49,54,102,59,68,36,114,57,38,12,1,50,73,111,122,110
7.3.2.,Country-code top-level domains (ccTLDs),61,112,52,54,14,11,77,90,124,48,12,122,92,68,76,43,82,67,121,117,74,20,36,46,30,69,104,39,51,15,4,79,80,119,89,17,18,28,65,5,118,31,91,126,93,34,19,7,88,95,53,27,35,26,81,49,101,58,85,41,96,94,22,103,21,9,115,100,56,45,44,63,59,64,62,1,84,106,120,83,1,10,125,102,13,109,111,78,75,73,99,24,16,57,29,33,113,87,107,55,37,23,25,40,32,105,6,1,98,108,47,97,116,71,72,66,114,50,42,8,60,38,70,123,110,86
7.3.3.,Wikipedia yearly edits,57,90,61,6,28,20,41,55,104,47,39,106,92,34,110,71,79,30,123,100,119,25,56,111,84,62,108,37,23,18,26,78,82,97,83,2,8,15,31,22,n/a,43,88,124,95,11,21,4,105,99,64,24,1,32,98,50,48,52,103,51,54,69,7,68,19,9,109,122,65,121,33,75,93,53,58,44,81,116,91,73,10,16,125,112,5,77,101,59,86,76,89,36,46,66,60,49,117,74,114,35,45,40,12,87,17,72,3,27,96,115,29,80,118,67,94,85,107,38,63,13,42,14,70,102,120,113
7.3.4.,Mobile app creation,n/a,94,52,59,30,33,90,88,68,32,64,n/a,85,82,n/a,39,n/a,49,n/a,70,n/a,26,72,n/a,73,84,n/a,51,1,22,7,93,89,79,92,5,2,18,46,43,n/a,53,96,n/a,81,10,41,62,44,58,95,21,4,54,n/a,29,25,77,86,8,76,67,37,11,3,56,n/a,n/a,57,n/a,42,n/a,65,9,87,n/a,71,n/a,n/a,n/a,27,20,n/a,83,28,n/a,48,60,91,80,63,31,61,69,38,24,n/a,66,n/a,15,17,34,12,47,35,74,6,13,n/a,n/a,40,55,n/a,n/a,78,36,n/a,19,45,23,14,50,16,75,n/a,n/a
